<?xml version="1.0" encoding="UTF-8"?>

<c3p0-config>
	<named-config name="userApp">
		<property name="driverClass">com.mysql.jdbc.Driver</property>
		<property name="jdbcUrl">jdbc:mysql://localhost:3306/tomexam?useUnicode=true&amp;characterEncoding=utf-8</property>
		<property name="user">root</property>
		<property name="password">root</property>
		<property name="acquireIncrement">5</property>
		<property name="initialPoolSize">5</property>
		<property name="minPoolSize">5</property>
		<property name="maxPoolSize">50</property>
		<property name="maxStatements">200</property>
		<property name="maxStatementsPerConnection">5</property>
		
		<property name="testConnectionOnCheckin">true</property>
		<property name="automaticTestTable">tm_test</property>
		<property name="idleConnectionTestPeriod">18000</property>
		<property name="maxIdleTime">25000</property>
		<property name="testConnectionOnCheckout">true</property>
		
		<user-overrides user="master-of-the-universe"></user-overrides>
	</named-config>
</c3p0-config> 